{
    "Summers M. Allies of Humanity, 12 points briefing": {
        "Dolan R. UFOs for the 21st Century Mind,2014": 0.027650337666273117,
        "<SOURCE>": 0.021597901359200478,
        "Jacobs D. The Threat, 1998": 0.015975965186953545,
        "COMETA report. UFOs and Defense-What Should We Prepare For, 1999": 0.015526937320828438,
        "Friedman S. Flying Saucers and Science, 2008": 0.014338201843202114,
        "Marrs J. Alien Agenda, 1997": 0.014194080606102943,
        "Dolan R. UFOs and the National Security State-V2, 2009": 0.014009774662554264,
        "Corso P. The Day After Roswell, 1997": 0.013533832505345345,
        "Dolan R. UFOs and the National Security State-V1, 2002": 0.01351352408528328,
        "Jacobs D. The UFO Controversy in America, 1976": 0.01193640660494566,
        "Good T. Earth-the aliens enterprise, 2013": 0.011840424500405788,
        "Ruppelt E. The report on unidentified flying objects, 1956": 0.01128409057855606,
        "Mack J. Abduction-Human Encounters with Aliens, 1994": 0.0112351318821311,
        "Jacobs D. Secret Life, 1993": 0.010760072618722916,
        "Good T. Above Top Secret, 1988": 0.010133694857358932,
        "Good T. Beyond Top Secret, 1996": 0.008699063211679459,
        "SOURCE_MICRO": 0.008328912299475633,
        "Wood R. Alien Viruses, 2013": 0.008290736004710197,
        "Good T. Alien Contact, 1991": 0.008182126097381115,
        "Catoe L. UFOs and Related Subjects,1969": 0.008096706122159958,
        "Jacobs D. Walking Among Us, 2015": 0.007897560484707355,
        "Hill P. Unconventional Flying Objects, 1995": 0.007758972700685263,
        "Hynek A. The UFO Experience- A Scientific Inquiry, 1972": 0.007470364682376385,
        "Good T. Need to know, 2007": 0.0071493168361485004,
        "Crystall E. Silent Invasion, 1991": 0.006965575274080038,
        "Hall R. The UFO Evidence, V2, A 30-year report, 2000": 0.006215394474565983,
        "Hopkins B, Rainey C. Sight Unseen, 2003": 0.0059595187194645405,
        "Leir R.The Aliens and the Scalpel, 2005": 0.005811439827084541,
        "Good T. Alien Base, 1999": 0.0055533102713525295,
        "Sauder R. Underground Bases And Tunnels, 2014": 0.004640078172087669,
        "Swann I. Penetration, 1998": 0.004634194076061249,
        "Alexander S, K. Crop Circles Signs, Wonders and Mysteries, 2009": 0.0044496990740299225,
        "Turner K. Taken-Inside the Alien-Human Abduction Agenda, 1994": 0.004152439534664154,
        "Marler D. Triangular UFOs, 2013": 0.004108306486159563,
        "Howe L. An Alien Harvest, 2014": 0.004033148288726807,
        "Good T. Unearthly Disclosure, 2000": 0.003868038533255458,
        "Andrews C. Crop Circles-Signs of Contact, 2003": 0.0033165141940116882,
        "Hopkins B. Missing Time, 1981": 0.002871690783649683,
        "Bergrun N. The Ringmakers of Saturn, 1986": 0.0024607577361166477,
        "Clelland M. The Messengers-Owls, Synchronicity and the UFO Abductee,2015": 0.001966112991794944,
        "McDonald J. Science in default-22 years of inadiquate UFO investigations, 1969": 0.0014617411652579904,
        "Hopkins B. Intruders, 1987": 0.0012112113181501627
    },
    "Summers M. Allies of Humanity, V1, 2001": {
        "Dolan R. UFOs for the 21st Century Mind,2014": 0.07284921407699585,
        "<SOURCE>": 0.06071458011865616,
        "Marrs J. Alien Agenda, 1997": 0.04496734216809273,
        "Mack J. Abduction-Human Encounters with Aliens, 1994": 0.03678817301988602,
        "Good T. Earth-the aliens enterprise, 2013": 0.03635300695896149,
        "COMETA report. UFOs and Defense-What Should We Prepare For, 1999": 0.0353877954185009,
        "Dolan R. UFOs and the National Security State-V2, 2009": 0.032771140336990356,
        "Hynek A. The UFO Experience- A Scientific Inquiry, 1972": 0.03239685297012329,
        "Jacobs D. The Threat, 1998": 0.030466023832559586,
        "Jacobs D. Secret Life, 1993": 0.029437201097607613,
        "Corso P. The Day After Roswell, 1997": 0.02935703657567501,
        "Good T. Above Top Secret, 1988": 0.029121484607458115,
        "Friedman S. Flying Saucers and Science, 2008": 0.02819613181054592,
        "Dolan R. UFOs and the National Security State-V1, 2002": 0.02764992229640484,
        "Jacobs D. The UFO Controversy in America, 1976": 0.025489652529358864,
        "Good T. Alien Base, 1999": 0.024794604629278183,
        "Good T. Beyond Top Secret, 1996": 0.023530304431915283,
        "SOURCE_MICRO": 0.022789406136143952,
        "Wood R. Alien Viruses, 2013": 0.022760523483157158,
        "Good T. Alien Contact, 1991": 0.022605137899518013,
        "Hopkins B, Rainey C. Sight Unseen, 2003": 0.0212998166680336,
        "Catoe L. UFOs and Related Subjects,1969": 0.02126079425215721,
        "Good T. Need to know, 2007": 0.02113809995353222,
        "Leir R.The Aliens and the Scalpel, 2005": 0.0205875001847744,
        "Crystall E. Silent Invasion, 1991": 0.01997332274913788,
        "Hill P. Unconventional Flying Objects, 1995": 0.017474791035056114,
        "Marler D. Triangular UFOs, 2013": 0.01709309220314026,
        "Hopkins B. Missing Time, 1981": 0.016807198524475098,
        "Ruppelt E. The report on unidentified flying objects, 1956": 0.01662277989089489,
        "Jacobs D. Walking Among Us, 2015": 0.016190283000469208,
        "Alexander S, K. Crop Circles Signs, Wonders and Mysteries, 2009": 0.01563234068453312,
        "Swann I. Penetration, 1998": 0.015602456405758858,
        "Good T. Unearthly Disclosure, 2000": 0.015456106513738632,
        "Turner K. Taken-Inside the Alien-Human Abduction Agenda, 1994": 0.014417733065783978,
        "Howe L. An Alien Harvest, 2014": 0.013507649302482605,
        "Andrews C. Crop Circles-Signs of Contact, 2003": 0.013159496709704399,
        "Sauder R. Underground Bases And Tunnels, 2014": 0.011203637346625328,
        "Hall R. The UFO Evidence, V2, A 30-year report, 2000": 0.010973473079502583,
        "Clelland M. The Messengers-Owls, Synchronicity and the UFO Abductee,2015": 0.009505056776106358,
        "Bergrun N. The Ringmakers of Saturn, 1986": 0.0070316120982170105,
        "Hopkins B. Intruders, 1987": 0.006288193631917238,
        "McDonald J. Science in default-22 years of inadiquate UFO investigations, 1969": 0.005429263226687908
    },
    "Summers M. Allies of Humanity, V2, 2005": {
        "<SOURCE>": 0.05983170121908188,
        "Dolan R. UFOs for the 21st Century Mind,2014": 0.05686908960342407,
        "Marrs J. Alien Agenda, 1997": 0.04246940463781357,
        "Jacobs D. Secret Life, 1993": 0.03654951602220535,
        "Mack J. Abduction-Human Encounters with Aliens, 1994": 0.03618874400854111,
        "Good T. Earth-the aliens enterprise, 2013": 0.03528187796473503,
        "Hynek A. The UFO Experience- A Scientific Inquiry, 1972": 0.03315269947052002,
        "COMETA report. UFOs and Defense-What Should We Prepare For, 1999": 0.03133527562022209,
        "Jacobs D. The Threat, 1998": 0.030857618898153305,
        "Friedman S. Flying Saucers and Science, 2008": 0.030511826276779175,
        "Corso P. The Day After Roswell, 1997": 0.029913699254393578,
        "Dolan R. UFOs and the National Security State-V2, 2009": 0.028714563697576523,
        "Good T. Above Top Secret, 1988": 0.027978328987956047,
        "Dolan R. UFOs and the National Security State-V1, 2002": 0.025243369862437248,
        "Good T. Alien Contact, 1991": 0.024527566507458687,
        "Leir R.The Aliens and the Scalpel, 2005": 0.024204878136515617,
        "Hopkins B. Missing Time, 1981": 0.024074960500001907,
        "Jacobs D. The UFO Controversy in America, 1976": 0.024009360000491142,
        "Crystall E. Silent Invasion, 1991": 0.023951582610607147,
        "Good T. Alien Base, 1999": 0.02293246239423752,
        "Good T. Beyond Top Secret, 1996": 0.02275954745709896,
        "SOURCE_MICRO": 0.02239772495813668,
        "Good T. Need to know, 2007": 0.021473392844200134,