{
    "Summers M. Allies of Humanity, 12 points briefing": {
        "COMETA report. UFOs and Defense-What Should We Prepare For, 1999": 0.8621841073036194,
        "Dolan R. UFOs for the 21st Century Mind,2014": 0.8612158298492432,
        "Marrs J. Alien Agenda, 1997": 0.8526267409324646,
        "Wood R. Alien Viruses, 2013": 0.8488434553146362,
        "Andrews C. Crop Circles-Signs of Contact, 2003": 0.8450663685798645,
        "Friedman S. Flying Saucers and Science, 2008": 0.8448550701141357,
        "<SOURCE>": 0.8447454571723938,
        "Sauder R. Underground Bases And Tunnels, 2014": 0.8428086638450623,
        "Hynek A. The UFO Experience- A Scientific Inquiry, 1972": 0.8421216607093811,
        "Corso P. The Day After Roswell, 1997": 0.8420715928077698,
        "Swann I. Penetration, 1998": 0.8357244729995728,
        "Good T. Unearthly Disclosure, 2000": 0.8349875807762146,
        "Good T. Alien Contact, 1991": 0.8347776532173157,
        "Good T. Above Top Secret, 1988": 0.834631621837616,
        "Hill P. Unconventional Flying Objects, 1995": 0.8340088129043579,
        "Good T. Earth-the aliens enterprise, 2013": 0.8335920572280884,
        "Good T. Beyond Top Secret, 1996": 0.8312990665435791,
        "Hopkins B, Rainey C. Sight Unseen, 2003": 0.8303461670875549,
        "Alexander S, K. Crop Circles Signs, Wonders and Mysteries, 2009": 0.8254895210266113,
        "Jacobs D. The UFO Controversy in America, 1976": 0.8251646161079407,
        "Dolan R. UFOs and the National Security State-V2, 2009": 0.8237952589988708,
        "Good T. Alien Base, 1999": 0.8235167860984802,
        "Good T. Need to know, 2007": 0.820978045463562,
        "Howe L. An Alien Harvest, 2014": 0.8197313547134399,
        "Marler D. Triangular UFOs, 2013": 0.8156862854957581,
        "Dolan R. UFOs and the National Security State-V1, 2002": 0.8156662583351135,
        "McDonald J. Science in default-22 years of inadiquate UFO investigations, 1969": 0.8137426972389221,
        "SOURCE_MICRO": 0.8132034078240394,
        "Mack J. Abduction-Human Encounters with Aliens, 1994": 0.8102105259895325,
        "Leir R.The Aliens and the Scalpel, 2005": 0.8095961213111877,
        "Crystall E. Silent Invasion, 1991": 0.8028736114501953,
        "Ruppelt E. The report on unidentified flying objects, 1956": 0.8020357489585876,
        "Bergrun N. The Ringmakers of Saturn, 1986": 0.7924858927726746,
        "Jacobs D. The Threat, 1998": 0.792049765586853,
        "Clelland M. The Messengers-Owls, Synchronicity and the UFO Abductee,2015": 0.7853080630302429,
        "Jacobs D. Secret Life, 1993": 0.7787252068519592,
        "Turner K. Taken-Inside the Alien-Human Abduction Agenda, 1994": 0.7745753526687622,
        "Catoe L. UFOs and Related Subjects,1969": 0.7536718845367432,
        "Jacobs D. Walking Among Us, 2015": 0.7378827929496765,
        "Hopkins B. Missing Time, 1981": 0.7369375228881836,
        "Hall R. The UFO Evidence, V2, A 30-year report, 2000": 0.7318868041038513,
        "Hopkins B. Intruders, 1987": 0.7249652743339539
    },
    "Summers M. Allies of Humanity, V1, 2001": {
        "Swann I. Penetration, 1998": 0.8765624761581421,
        "Dolan R. UFOs for the 21st Century Mind,2014": 0.8729565143585205,
        "Hopkins B, Rainey C. Sight Unseen, 2003": 0.8707022070884705,
        "Jacobs D. The Threat, 1998": 0.8643711805343628,
        "Friedman S. Flying Saucers and Science, 2008": 0.8615000247955322,
        "Jacobs D. Secret Life, 1993": 0.8570457100868225,
        "Howe L. An Alien Harvest, 2014": 0.8510061502456665,
        "<SOURCE>": 0.85017991065979,
        "Andrews C. Crop Circles-Signs of Contact, 2003": 0.8481760621070862,
        "Corso P. The Day After Roswell, 1997": 0.8480793237686157,
        "Hynek A. The UFO Experience- A Scientific Inquiry, 1972": 0.8480250239372253,
        "Good T. Alien Contact, 1991": 0.8477312922477722,
        "Crystall E. Silent Invasion, 1991": 0.8469606637954712,
        "Good T. Earth-the aliens enterprise, 2013": 0.8461719751358032,
        "Marrs J. Alien Agenda, 1997": 0.8433798551559448,
        "Mack J. Abduction-Human Encounters with Aliens, 1994": 0.8406808376312256,
        "Jacobs D. Walking Among Us, 2015": 0.8367183804512024,
        "Good T. Unearthly Disclosure, 2000": 0.8339715600013733,
        "Good T. Alien Base, 1999": 0.8283925652503967,
        "Leir R.The Aliens and the Scalpel, 2005": 0.8282752633094788,
        "Wood R. Alien Viruses, 2013": 0.824632465839386,
        "Good T. Above Top Secret, 1988": 0.8225627541542053,
        "COMETA report. UFOs and Defense-What Should We Prepare For, 1999": 0.821812093257904,
        "Sauder R. Underground Bases And Tunnels, 2014": 0.8207539916038513,
        "Clelland M. The Messengers-Owls, Synchronicity and the UFO Abductee,2015": 0.8196424245834351,
        "SOURCE_MICRO": 0.8194363087415695,
        "Hopkins B. Missing Time, 1981": 0.8123477101325989,
        "Marler D. Triangular UFOs, 2013": 0.8115753531455994,
        "Turner K. Taken-Inside the Alien-Human Abduction Agenda, 1994": 0.81093829870224,
        "Good T. Beyond Top Secret, 1996": 0.8109011054039001,
        "Ruppelt E. The report on unidentified flying objects, 1956": 0.8047422170639038,
        "Dolan R. UFOs and the National Security State-V2, 2009": 0.8025335669517517,
        "Good T. Need to know, 2007": 0.8022549748420715,
        "Hill P. Unconventional Flying Objects, 1995": 0.8003596067428589,
        "Alexander S, K. Crop Circles Signs, Wonders and Mysteries, 2009": 0.7983432412147522,
        "Hopkins B. Intruders, 1987": 0.7897195816040039,
        "Dolan R. UFOs and the National Security State-V1, 2002": 0.7852322459220886,
        "McDonald J. Science in default-22 years of inadiquate UFO investigations, 1969": 0.7782632112503052,
        "Jacobs D. The UFO Controversy in America, 1976": 0.7770364284515381,
        "Bergrun N. The Ringmakers of Saturn, 1986": 0.7370774149894714,
        "Catoe L. UFOs and Related Subjects,1969": 0.6995492577552795,
        "Hall R. The UFO Evidence, V2, A 30-year report, 2000": 0.6964673399925232
    },
    "Summers M. Allies of Humanity, V2, 2005": {
        "Swann I. Penetration, 1998": 0.8888513445854187,
        "Jacobs D. The Threat, 1998": 0.881656289100647,
        "Jacobs D. Secret Life, 1993": 0.8806180357933044,
        "Hopkins B, Rainey C. Sight Unseen, 2003": 0.8793027400970459,
        "Dolan R. UFOs for the 21st Century Mind,2014": 0.8714119791984558,
        "Jacobs D. Walking Among Us, 2015": 0.8658695816993713,
        "Howe L. An Alien Harvest, 2014": 0.8626599311828613,
        "Friedman S. Flying Saucers and Science, 2008": 0.8616350889205933,
        "Crystall E. Silent Invasion, 1991": 0.8547753691673279,
        "<SOURCE>": 0.8517557978630066,
        "Corso P. The Day After Roswell, 1997": 0.8508278727531433,
        "Hynek A. The UFO Experience- A Scientific Inquiry, 1972": 0.8496538996696472,
        "Good T. Alien Contact, 1991": 0.8491019010543823,
        "Mack J. Abduction-Human Encounters with Aliens, 1994": 0.84752357006073,
        "Good T. Earth-the aliens enterprise, 2013": 0.8454481959342957,
        "Andrews C. Crop Circles-Signs of Contact, 2003": 0.8435367345809937,
        "Hopkins B. Missing Time, 1981": 0.8405292630195618,
        "Marrs J. Alien Agenda, 1997": 0.8390457630157471,
        "Good T. Unearthly Disclosure, 2000": 0.8324840068817139,
        "Leir R.The Aliens and the Scalpel, 2005": 0.8319034576416016,
        "Clelland M. The Messengers-Owls, Synchronicity and the UFO Abductee,2015": 0.8312146663665771,
        "Good T. Alien Base, 1999": 0.8268290162086487,
        "SOURCE_MICRO": 0.8212757304310798,
        "Turner K. Taken-Inside the Alien-Human Abduction Agenda, 1994": 0.819102942943573,
        "Good T. Above Top Secret, 1988": 0.8178157210350037,
        "Wood R. Alien Viruses, 2013": 0.8170334100723267,