{
    "Summers M. Allies of Humanity, 12 points briefing": {
        "Dolan R. UFOs for the 21st Century Mind,2014": 0.8703510165214539,
        "COMETA report. UFOs and Defense-What Should We Prepare For, 1999": 0.863894522190094,
        "Marrs J. Alien Agenda, 1997": 0.8582018613815308,
        "Andrews C. Crop Circles-Signs of Contact, 2003": 0.8537996411323547,
        "Friedman S. Flying Saucers and Science, 2008": 0.852949321269989,
        "Swann I. Penetration, 1998": 0.8521268367767334,
        "Corso P. The Day After Roswell, 1997": 0.8509015440940857,
        "<SOURCE>": 0.8499798774719238,
        "Hynek A. The UFO Experience- A Scientific Inquiry, 1972": 0.8481776714324951,
        "Wood R. Alien Viruses, 2013": 0.8468919992446899,
        "Hopkins B, Rainey C. Sight Unseen, 2003": 0.8431124091148376,
        "Good T. Alien Contact, 1991": 0.8420994877815247,
        "Good T. Earth-the aliens enterprise, 2013": 0.8400521874427795,
        "Good T. Unearthly Disclosure, 2000": 0.8398070931434631,
        "Good T. Above Top Secret, 1988": 0.8379169702529907,
        "Good T. Beyond Top Secret, 1996": 0.833317220211029,
        "Sauder R. Underground Bases And Tunnels, 2014": 0.831476628780365,
        "Hill P. Unconventional Flying Objects, 1995": 0.8310961127281189,
        "Good T. Alien Base, 1999": 0.8296582698822021,
        "Howe L. An Alien Harvest, 2014": 0.8285441398620605,
        "Jacobs D. The UFO Controversy in America, 1976": 0.8284003138542175,
        "Dolan R. UFOs and the National Security State-V2, 2009": 0.8274111151695251,
        "Mack J. Abduction-Human Encounters with Aliens, 1994": 0.8262163996696472,
        "Alexander S, K. Crop Circles Signs, Wonders and Mysteries, 2009": 0.826203465461731,
        "Good T. Need to know, 2007": 0.8230260014533997,
        "Crystall E. Silent Invasion, 1991": 0.8223580718040466,
        "SOURCE_MICRO": 0.82101139575243,
        "Marler D. Triangular UFOs, 2013": 0.8191397190093994,
        "Leir R.The Aliens and the Scalpel, 2005": 0.8189864158630371,
        "Dolan R. UFOs and the National Security State-V1, 2002": 0.8186248540878296,
        "Jacobs D. The Threat, 1998": 0.8171789646148682,
        "McDonald J. Science in default-22 years of inadiquate UFO investigations, 1969": 0.8140196800231934,
        "Ruppelt E. The report on unidentified flying objects, 1956": 0.8104764223098755,
        "Jacobs D. Secret Life, 1993": 0.7990812659263611,
        "Clelland M. The Messengers-Owls, Synchronicity and the UFO Abductee,2015": 0.798897385597229,
        "Turner K. Taken-Inside the Alien-Human Abduction Agenda, 1994": 0.7904602885246277,
        "Jacobs D. Walking Among Us, 2015": 0.7751897573471069,
        "Bergrun N. The Ringmakers of Saturn, 1986": 0.7662656307220459,
        "Hopkins B. Missing Time, 1981": 0.7648530602455139,
        "Catoe L. UFOs and Related Subjects,1969": 0.7634587287902832,
        "Hopkins B. Intruders, 1987": 0.7507411241531372,
        "Hall R. The UFO Evidence, V2, A 30-year report, 2000": 0.7250922322273254
    },
    "Summers M. Allies of Humanity, V1, 2001": {
        "Swann I. Penetration, 1998": 0.9006223082542419,
        "Dolan R. UFOs for the 21st Century Mind,2014": 0.893290102481842,
        "Hopkins B, Rainey C. Sight Unseen, 2003": 0.8918263912200928,
        "Jacobs D. The Threat, 1998": 0.8905444145202637,
        "Friedman S. Flying Saucers and Science, 2008": 0.8814541101455688,
        "Jacobs D. Secret Life, 1993": 0.87953120470047,
        "Jacobs D. Walking Among Us, 2015": 0.8715910315513611,
        "<SOURCE>": 0.8706958293914795,
        "Andrews C. Crop Circles-Signs of Contact, 2003": 0.8706110715866089,
        "Crystall E. Silent Invasion, 1991": 0.8702430725097656,
        "Mack J. Abduction-Human Encounters with Aliens, 1994": 0.8701620101928711,
        "Hynek A. The UFO Experience- A Scientific Inquiry, 1972": 0.8692783713340759,
        "Corso P. The Day After Roswell, 1997": 0.8686823844909668,
        "Howe L. An Alien Harvest, 2014": 0.8684771656990051,
        "Good T. Alien Contact, 1991": 0.8675780296325684,
        "Marrs J. Alien Agenda, 1997": 0.8659271597862244,
        "Good T. Earth-the aliens enterprise, 2013": 0.8640551567077637,
        "Good T. Unearthly Disclosure, 2000": 0.854875385761261,
        "Leir R.The Aliens and the Scalpel, 2005": 0.8527032732963562,
        "Good T. Alien Base, 1999": 0.8484688401222229,
        "COMETA report. UFOs and Defense-What Should We Prepare For, 1999": 0.8460702896118164,
        "Clelland M. The Messengers-Owls, Synchronicity and the UFO Abductee,2015": 0.845445990562439,
        "Hopkins B. Missing Time, 1981": 0.8437943458557129,
        "Good T. Above Top Secret, 1988": 0.8420823216438293,
        "SOURCE_MICRO": 0.8413411632180214,
        "Wood R. Alien Viruses, 2013": 0.8411540985107422,
        "Turner K. Taken-Inside the Alien-Human Abduction Agenda, 1994": 0.8405740261077881,
        "Marler D. Triangular UFOs, 2013": 0.8324140906333923,
        "Good T. Beyond Top Secret, 1996": 0.8310546875,
        "Sauder R. Underground Bases And Tunnels, 2014": 0.8303114771842957,
        "Ruppelt E. The report on unidentified flying objects, 1956": 0.8291113972663879,
        "Hopkins B. Intruders, 1987": 0.8264442682266235,
        "Dolan R. UFOs and the National Security State-V2, 2009": 0.8258301019668579,
        "Good T. Need to know, 2007": 0.821408748626709,
        "Hill P. Unconventional Flying Objects, 1995": 0.8202294111251831,
        "Alexander S, K. Crop Circles Signs, Wonders and Mysteries, 2009": 0.8148165941238403,
        "Dolan R. UFOs and the National Security State-V1, 2002": 0.8100390434265137,
        "Jacobs D. The UFO Controversy in America, 1976": 0.8071858286857605,
        "McDonald J. Science in default-22 years of inadiquate UFO investigations, 1969": 0.8034792542457581,
        "Bergrun N. The Ringmakers of Saturn, 1986": 0.7329226732254028,
        "Catoe L. UFOs and Related Subjects,1969": 0.7223316431045532,
        "Hall R. The UFO Evidence, V2, A 30-year report, 2000": 0.7070247530937195
    },
    "Summers M. Allies of Humanity, V2, 2005": {
        "Swann I. Penetration, 1998": 0.9118987917900085,
        "Jacobs D. The Threat, 1998": 0.9087317585945129,
        "Jacobs D. Secret Life, 1993": 0.9033265113830566,
        "Jacobs D. Walking Among Us, 2015": 0.9007261991500854,
        "Hopkins B, Rainey C. Sight Unseen, 2003": 0.9006441831588745,
        "Dolan R. UFOs for the 21st Century Mind,2014": 0.8901482820510864,
        "Friedman S. Flying Saucers and Science, 2008": 0.8803942799568176,
        "Crystall E. Silent Invasion, 1991": 0.8799977898597717,
        "Howe L. An Alien Harvest, 2014": 0.8796038627624512,
        "Mack J. Abduction-Human Encounters with Aliens, 1994": 0.8775637149810791,
        "Hopkins B. Missing Time, 1981": 0.8722332119941711,
        "<SOURCE>": 0.8713050484657288,
        "Corso P. The Day After Roswell, 1997": 0.8701872825622559,
        "Hynek A. The UFO Experience- A Scientific Inquiry, 1972": 0.8690422177314758,
        "Good T. Alien Contact, 1991": 0.8688305616378784,
        "Andrews C. Crop Circles-Signs of Contact, 2003": 0.8649019598960876,
        "Good T. Earth-the aliens enterprise, 2013": 0.8638197779655457,
        "Marrs J. Alien Agenda, 1997": 0.8596200942993164,
        "Clelland M. The Messengers-Owls, Synchronicity and the UFO Abductee,2015": 0.8580806255340576,
        "Leir R.The Aliens and the Scalpel, 2005": 0.8571051359176636,
        "Good T. Unearthly Disclosure, 2000": 0.8535064458847046,
        "Hopkins B. Intruders, 1987": 0.8514906764030457,
        "Turner K. Taken-Inside the Alien-Human Abduction Agenda, 1994": 0.8501840233802795,
        "Good T. Alien Base, 1999": 0.8470297455787659,
        "SOURCE_MICRO": 0.8419973343610764,
        "Good T. Above Top Secret, 1988": 0.8358784914016724,