{
    "Summers M. Allies of Humanity, 12 points briefing": {
        "Dolan R. UFOs for the 21st Century Mind,2014": 0.23099204897880554,
        "COMETA report. UFOs and Defense-What Should We Prepare For, 1999": 0.20904740691184998,
        "Hynek A. The UFO Experience- A Scientific Inquiry, 1972": 0.19339194893836975,
        "<SOURCE>": 0.18600478768348694,
        "Friedman S. Flying Saucers and Science, 2008": 0.18261800706386566,
        "Jacobs D. The UFO Controversy in America, 1976": 0.1810462772846222,
        "Corso P. The Day After Roswell, 1997": 0.1770952194929123,
        "Marrs J. Alien Agenda, 1997": 0.17522281408309937,
        "Wood R. Alien Viruses, 2013": 0.1677705943584442,
        "Jacobs D. The Threat, 1998": 0.16323131322860718,
        "Dolan R. UFOs and the National Security State-V2, 2009": 0.15832996368408203,
        "Good T. Above Top Secret, 1988": 0.15448401868343353,
        "Good T. Beyond Top Secret, 1996": 0.15300343930721283,
        "Good T. Earth-the aliens enterprise, 2013": 0.14691175520420074,
        "Good T. Alien Contact, 1991": 0.14439377188682556,
        "Dolan R. UFOs and the National Security State-V1, 2002": 0.14391392469406128,
        "Jacobs D. Secret Life, 1993": 0.13470202684402466,
        "Swann I. Penetration, 1998": 0.13193155825138092,
        "Mack J. Abduction-Human Encounters with Aliens, 1994": 0.12590950727462769,
        "SOURCE_MICRO": 0.125557061471045,
        "Good T. Need to know, 2007": 0.12504495680332184,
        "Hopkins B, Rainey C. Sight Unseen, 2003": 0.12398549914360046,
        "Catoe L. UFOs and Related Subjects,1969": 0.11975868046283722,
        "Sauder R. Underground Bases And Tunnels, 2014": 0.11913115531206131,
        "Hill P. Unconventional Flying Objects, 1995": 0.11820770800113678,
        "Leir R.The Aliens and the Scalpel, 2005": 0.11625180393457413,
        "Good T. Alien Base, 1999": 0.10956801474094391,
        "Marler D. Triangular UFOs, 2013": 0.10496825724840164,
        "Crystall E. Silent Invasion, 1991": 0.10341043025255203,
        "Good T. Unearthly Disclosure, 2000": 0.09712972491979599,
        "Howe L. An Alien Harvest, 2014": 0.09691408276557922,
        "Ruppelt E. The report on unidentified flying objects, 1956": 0.09267787635326385,
        "Andrews C. Crop Circles-Signs of Contact, 2003": 0.09235618263483047,
        "Jacobs D. Walking Among Us, 2015": 0.08906948566436768,
        "Bergrun N. The Ringmakers of Saturn, 1986": 0.07761001586914062,
        "Hopkins B. Missing Time, 1981": 0.07755084335803986,
        "Alexander S, K. Crop Circles Signs, Wonders and Mysteries, 2009": 0.0773107260465622,
        "McDonald J. Science in default-22 years of inadiquate UFO investigations, 1969": 0.07568324357271194,
        "Hall R. The UFO Evidence, V2, A 30-year report, 2000": 0.07009229809045792,
        "Turner K. Taken-Inside the Alien-Human Abduction Agenda, 1994": 0.06225006654858589,
        "Clelland M. The Messengers-Owls, Synchronicity and the UFO Abductee,2015": 0.054081059992313385,
        "Hopkins B. Intruders, 1987": 0.04523475095629692
    },
    "Summers M. Allies of Humanity, V1, 2001": {
        "Dolan R. UFOs for the 21st Century Mind,2014": 0.40961551666259766,
        "Hynek A. The UFO Experience- A Scientific Inquiry, 1972": 0.34466174244880676,
        "<SOURCE>": 0.33645662665367126,
        "COMETA report. UFOs and Defense-What Should We Prepare For, 1999": 0.3277686536312103,
        "Marrs J. Alien Agenda, 1997": 0.3249586820602417,
        "Friedman S. Flying Saucers and Science, 2008": 0.2903412878513336,
        "Jacobs D. The Threat, 1998": 0.2865103483200073,
        "Mack J. Abduction-Human Encounters with Aliens, 1994": 0.2839967608451843,
        "Jacobs D. The UFO Controversy in America, 1976": 0.28318971395492554,
        "Corso P. The Day After Roswell, 1997": 0.27798086404800415,
        "Jacobs D. Secret Life, 1993": 0.27792564034461975,
        "Wood R. Alien Viruses, 2013": 0.2743026614189148,
        "Good T. Earth-the aliens enterprise, 2013": 0.2720848619937897,
        "Dolan R. UFOs and the National Security State-V2, 2009": 0.2554916739463806,
        "Swann I. Penetration, 1998": 0.25282952189445496,
        "Hopkins B, Rainey C. Sight Unseen, 2003": 0.25237420201301575,
        "Good T. Alien Contact, 1991": 0.2415962517261505,
        "Leir R.The Aliens and the Scalpel, 2005": 0.23597031831741333,
        "Good T. Above Top Secret, 1988": 0.23294605314731598,
        "Dolan R. UFOs and the National Security State-V1, 2002": 0.22816404700279236,
        "Crystall E. Silent Invasion, 1991": 0.22597907483577728,
        "SOURCE_MICRO": 0.22552551403641702,
        "Good T. Alien Base, 1999": 0.22278761863708496,
        "Good T. Beyond Top Secret, 1996": 0.2210746556520462,
        "Hill P. Unconventional Flying Objects, 1995": 0.20675575733184814,
        "Catoe L. UFOs and Related Subjects,1969": 0.19494175910949707,
        "Good T. Need to know, 2007": 0.19472511112689972,
        "Andrews C. Crop Circles-Signs of Contact, 2003": 0.1947169452905655,
        "Marler D. Triangular UFOs, 2013": 0.1935594528913498,
        "Good T. Unearthly Disclosure, 2000": 0.18928015232086182,
        "Hopkins B. Missing Time, 1981": 0.18914631009101868,
        "Alexander S, K. Crop Circles Signs, Wonders and Mysteries, 2009": 0.17914041876792908,
        "Sauder R. Underground Bases And Tunnels, 2014": 0.17812524735927582,
        "Howe L. An Alien Harvest, 2014": 0.17210504412651062,
        "Ruppelt E. The report on unidentified flying objects, 1956": 0.16706112027168274,
        "Bergrun N. The Ringmakers of Saturn, 1986": 0.16621407866477966,
        "Clelland M. The Messengers-Owls, Synchronicity and the UFO Abductee,2015": 0.14758682250976562,
        "Jacobs D. Walking Among Us, 2015": 0.14687123894691467,
        "Turner K. Taken-Inside the Alien-Human Abduction Agenda, 1994": 0.13919632136821747,
        "Hall R. The UFO Evidence, V2, A 30-year report, 2000": 0.1258600503206253,
        "McDonald J. Science in default-22 years of inadiquate UFO investigations, 1969": 0.10923544317483902,
        "Hopkins B. Intruders, 1987": 0.10394913703203201
    },
    "Summers M. Allies of Humanity, V2, 2005": {
        "Dolan R. UFOs for the 21st Century Mind,2014": 0.38486817479133606,
        "Hynek A. The UFO Experience- A Scientific Inquiry, 1972": 0.34492096304893494,
        "<SOURCE>": 0.3344276249408722,
        "COMETA report. UFOs and Defense-What Should We Prepare For, 1999": 0.33200666308403015,
        "Marrs J. Alien Agenda, 1997": 0.31951677799224854,
        "Jacobs D. The Threat, 1998": 0.2877301573753357,
        "Jacobs D. The UFO Controversy in America, 1976": 0.2875725328922272,
        "Friedman S. Flying Saucers and Science, 2008": 0.28575167059898376,
        "Jacobs D. Secret Life, 1993": 0.28483814001083374,
        "Mack J. Abduction-Human Encounters with Aliens, 1994": 0.2740136384963989,
        "Corso P. The Day After Roswell, 1997": 0.27340030670166016,
        "Good T. Earth-the aliens enterprise, 2013": 0.2614682614803314,
        "Wood R. Alien Viruses, 2013": 0.261149138212204,
        "Dolan R. UFOs and the National Security State-V2, 2009": 0.2534525394439697,
        "Hopkins B, Rainey C. Sight Unseen, 2003": 0.2505432367324829,
        "Swann I. Penetration, 1998": 0.23852479457855225,
        "Good T. Above Top Secret, 1988": 0.23596130311489105,
        "Leir R.The Aliens and the Scalpel, 2005": 0.23555496335029602,
        "Good T. Alien Contact, 1991": 0.2346470057964325,
        "Dolan R. UFOs and the National Security State-V1, 2002": 0.23165945708751678,
        "Crystall E. Silent Invasion, 1991": 0.22908863425254822,
        "Good T. Beyond Top Secret, 1996": 0.22699929773807526,
        "SOURCE_MICRO": 0.2242790564894676,
        "Hill P. Unconventional Flying Objects, 1995": 0.21742913126945496,
        "Good T. Alien Base, 1999": 0.2165767252445221,