{
    "Summers M. Allies of Humanity, 12 points briefing": {
        "Dolan R. UFOs for the 21st Century Mind,2014": 0.8511995077133179,
        "COMETA report. UFOs and Defense-What Should We Prepare For, 1999": 0.851097583770752,
        "Andrews C. Crop Circles-Signs of Contact, 2003": 0.8452122211456299,
        "Sauder R. Underground Bases And Tunnels, 2014": 0.8415625095367432,
        "Marrs J. Alien Agenda, 1997": 0.8399254083633423,
        "<SOURCE>": 0.8370335102081299,
        "Alexander S, K. Crop Circles Signs, Wonders and Mysteries, 2009": 0.8367881774902344,
        "Swann I. Penetration, 1998": 0.8353668451309204,
        "Wood R. Alien Viruses, 2013": 0.8350616097450256,
        "Hynek A. The UFO Experience- A Scientific Inquiry, 1972": 0.8349353671073914,
        "Hill P. Unconventional Flying Objects, 1995": 0.8317989110946655,
        "Hopkins B, Rainey C. Sight Unseen, 2003": 0.8314319849014282,
        "Friedman S. Flying Saucers and Science, 2008": 0.8292053937911987,
        "Good T. Above Top Secret, 1988": 0.8284527063369751,
        "Good T. Alien Contact, 1991": 0.8244946002960205,
        "Good T. Beyond Top Secret, 1996": 0.8244272470474243,
        "Good T. Unearthly Disclosure, 2000": 0.8243463039398193,
        "Mack J. Abduction-Human Encounters with Aliens, 1994": 0.823909342288971,
        "Good T. Earth-the aliens enterprise, 2013": 0.8233377933502197,
        "Corso P. The Day After Roswell, 1997": 0.8189315795898438,
        "Howe L. An Alien Harvest, 2014": 0.8169147372245789,
        "McDonald J. Science in default-22 years of inadiquate UFO investigations, 1969": 0.8164556622505188,
        "Jacobs D. The UFO Controversy in America, 1976": 0.8157911896705627,
        "Marler D. Triangular UFOs, 2013": 0.8155453205108643,
        "SOURCE_MICRO": 0.8128047436475754,
        "Good T. Need to know, 2007": 0.8123705387115479,
        "Good T. Alien Base, 1999": 0.8118754625320435,
        "Dolan R. UFOs and the National Security State-V1, 2002": 0.8092458844184875,
        "Dolan R. UFOs and the National Security State-V2, 2009": 0.8089542388916016,
        "Bergrun N. The Ringmakers of Saturn, 1986": 0.8078176379203796,
        "Jacobs D. The Threat, 1998": 0.8045147657394409,
        "Leir R.The Aliens and the Scalpel, 2005": 0.8009107112884521,
        "Crystall E. Silent Invasion, 1991": 0.7973412871360779,
        "Jacobs D. Secret Life, 1993": 0.7910805940628052,
        "Catoe L. UFOs and Related Subjects,1969": 0.7880422472953796,
        "Clelland M. The Messengers-Owls, Synchronicity and the UFO Abductee,2015": 0.7832494378089905,
        "Hall R. The UFO Evidence, V2, A 30-year report, 2000": 0.781316876411438,
        "Turner K. Taken-Inside the Alien-Human Abduction Agenda, 1994": 0.7807698845863342,
        "Ruppelt E. The report on unidentified flying objects, 1956": 0.779633104801178,
        "Jacobs D. Walking Among Us, 2015": 0.7683794498443604,
        "Hopkins B. Intruders, 1987": 0.7497856020927429,
        "Hopkins B. Missing Time, 1981": 0.7407100200653076
    },
    "Summers M. Allies of Humanity, V1, 2001": {
        "Dolan R. UFOs for the 21st Century Mind,2014": 0.8645259141921997,
        "Jacobs D. The Threat, 1998": 0.8574760556221008,
        "Swann I. Penetration, 1998": 0.8529561758041382,
        "Hopkins B, Rainey C. Sight Unseen, 2003": 0.8517400026321411,
        "Jacobs D. Secret Life, 1993": 0.8459668755531311,
        "Andrews C. Crop Circles-Signs of Contact, 2003": 0.8426640629768372,
        "Jacobs D. Walking Among Us, 2015": 0.8392878770828247,
        "Friedman S. Flying Saucers and Science, 2008": 0.8384699821472168,
        "Mack J. Abduction-Human Encounters with Aliens, 1994": 0.8380001783370972,
        "Sauder R. Underground Bases And Tunnels, 2014": 0.8372486233711243,
        "<SOURCE>": 0.836384654045105,
        "Marrs J. Alien Agenda, 1997": 0.8344536423683167,
        "Hynek A. The UFO Experience- A Scientific Inquiry, 1972": 0.8341205716133118,
        "Good T. Alien Contact, 1991": 0.8302509784698486,
        "Howe L. An Alien Harvest, 2014": 0.8286687731742859,
        "COMETA report. UFOs and Defense-What Should We Prepare For, 1999": 0.8258664608001709,
        "Good T. Earth-the aliens enterprise, 2013": 0.8237218260765076,
        "Wood R. Alien Viruses, 2013": 0.8236687779426575,
        "Alexander S, K. Crop Circles Signs, Wonders and Mysteries, 2009": 0.8178262114524841,
        "Good T. Above Top Secret, 1988": 0.8171625137329102,
        "Good T. Unearthly Disclosure, 2000": 0.8137605786323547,
        "SOURCE_MICRO": 0.8136528179049491,
        "Hill P. Unconventional Flying Objects, 1995": 0.8120625615119934,
        "Good T. Alien Base, 1999": 0.8100354075431824,
        "Good T. Beyond Top Secret, 1996": 0.808851420879364,
        "Marler D. Triangular UFOs, 2013": 0.8074531555175781,
        "Corso P. The Day After Roswell, 1997": 0.8028615117073059,
        "Clelland M. The Messengers-Owls, Synchronicity and the UFO Abductee,2015": 0.7976186275482178,
        "Dolan R. UFOs and the National Security State-V2, 2009": 0.797042727470398,
        "Crystall E. Silent Invasion, 1991": 0.7970396876335144,
        "Good T. Need to know, 2007": 0.7942220568656921,
        "McDonald J. Science in default-22 years of inadiquate UFO investigations, 1969": 0.7929514646530151,
        "Turner K. Taken-Inside the Alien-Human Abduction Agenda, 1994": 0.7925257682800293,
        "Dolan R. UFOs and the National Security State-V1, 2002": 0.7905794978141785,
        "Leir R.The Aliens and the Scalpel, 2005": 0.7898316383361816,
        "Bergrun N. The Ringmakers of Saturn, 1986": 0.7895452380180359,
        "Jacobs D. The UFO Controversy in America, 1976": 0.7818728089332581,
        "Hopkins B. Intruders, 1987": 0.778755247592926,
        "Hopkins B. Missing Time, 1981": 0.7786818742752075,
        "Catoe L. UFOs and Related Subjects,1969": 0.7717407941818237,
        "Ruppelt E. The report on unidentified flying objects, 1956": 0.768998384475708,
        "Hall R. The UFO Evidence, V2, A 30-year report, 2000": 0.7656067609786987
    },
    "Summers M. Allies of Humanity, V2, 2005": {
        "Jacobs D. The Threat, 1998": 0.8627812266349792,
        "Jacobs D. Secret Life, 1993": 0.8586016893386841,
        "Jacobs D. Walking Among Us, 2015": 0.8565585613250732,
        "Swann I. Penetration, 1998": 0.8535585403442383,
        "Dolan R. UFOs for the 21st Century Mind,2014": 0.852958619594574,
        "Hopkins B, Rainey C. Sight Unseen, 2003": 0.8453786373138428,
        "Mack J. Abduction-Human Encounters with Aliens, 1994": 0.8314965963363647,
        "Howe L. An Alien Harvest, 2014": 0.8287016749382019,
        "Andrews C. Crop Circles-Signs of Contact, 2003": 0.8282980918884277,
        "<SOURCE>": 0.8271505236625671,
        "Sauder R. Underground Bases And Tunnels, 2014": 0.825737714767456,
        "Friedman S. Flying Saucers and Science, 2008": 0.8256081342697144,
        "Hynek A. The UFO Experience- A Scientific Inquiry, 1972": 0.8255269527435303,
        "Marrs J. Alien Agenda, 1997": 0.8215460181236267,
        "Good T. Alien Contact, 1991": 0.8204374313354492,
        "Good T. Earth-the aliens enterprise, 2013": 0.8120711445808411,
        "COMETA report. UFOs and Defense-What Should We Prepare For, 1999": 0.8109655380249023,
        "Wood R. Alien Viruses, 2013": 0.807549774646759,
        "Alexander S, K. Crop Circles Signs, Wonders and Mysteries, 2009": 0.8069702982902527,
        "SOURCE_MICRO": 0.8055064707994462,
        "Good T. Above Top Secret, 1988": 0.8031119704246521,
        "Hill P. Unconventional Flying Objects, 1995": 0.8019701838493347,
        "Good T. Unearthly Disclosure, 2000": 0.8011454939842224,
        "Marler D. Triangular UFOs, 2013": 0.8001916408538818,
        "Good T. Alien Base, 1999": 0.7987695932388306,
        "Clelland M. The Messengers-Owls, Synchronicity and the UFO Abductee,2015": 0.7957123517990112,