{
    "Summers M. Allies of Humanity, 12 points briefing": {
        "Dolan R. UFOs for the 21st Century Mind,2014": 0.23796580731868744,
        "Jacobs D. Walking Among Us, 2015": 0.19798532128334045,
        "Jacobs D. The Threat, 1998": 0.19726155698299408,
        "COMETA report. UFOs and Defense-What Should We Prepare For, 1999": 0.1674840897321701,
        "<SOURCE>": 0.1583789736032486,
        "Marrs J. Alien Agenda, 1997": 0.15397557616233826,
        "Jacobs D. Secret Life, 1993": 0.1478712260723114,
        "Hynek A. The UFO Experience- A Scientific Inquiry, 1972": 0.14613114297389984,
        "Corso P. The Day After Roswell, 1997": 0.1445389986038208,
        "Swann I. Penetration, 1998": 0.14227893948554993,
        "Mack J. Abduction-Human Encounters with Aliens, 1994": 0.1403825581073761,
        "Friedman S. Flying Saucers and Science, 2008": 0.1332719773054123,
        "Jacobs D. The UFO Controversy in America, 1976": 0.12735293805599213,
        "Dolan R. UFOs and the National Security State-V2, 2009": 0.11651397496461868,
        "Good T. Earth-the aliens enterprise, 2013": 0.1149420365691185,
        "Hopkins B, Rainey C. Sight Unseen, 2003": 0.1135176420211792,
        "Crystall E. Silent Invasion, 1991": 0.11195206642150879,
        "Good T. Alien Contact, 1991": 0.10036290436983109,
        "SOURCE_MICRO": 0.09959105639718473,
        "Wood R. Alien Viruses, 2013": 0.09540729224681854,
        "Andrews C. Crop Circles-Signs of Contact, 2003": 0.092988520860672,
        "Dolan R. UFOs and the National Security State-V1, 2002": 0.09231720119714737,
        "Good T. Above Top Secret, 1988": 0.09101922810077667,
        "Leir R.The Aliens and the Scalpel, 2005": 0.08610177040100098,
        "Good T. Beyond Top Secret, 1996": 0.0844290554523468,
        "Sauder R. Underground Bases And Tunnels, 2014": 0.07048772275447845,
        "Howe L. An Alien Harvest, 2014": 0.07046537101268768,
        "Good T. Need to know, 2007": 0.06856641173362732,
        "Catoe L. UFOs and Related Subjects,1969": 0.06673337519168854,
        "Marler D. Triangular UFOs, 2013": 0.06553614884614944,
        "Good T. Alien Base, 1999": 0.06548000872135162,
        "Ruppelt E. The report on unidentified flying objects, 1956": 0.06406769901514053,
        "Hill P. Unconventional Flying Objects, 1995": 0.06399030983448029,
        "Good T. Unearthly Disclosure, 2000": 0.0631679892539978,
        "Turner K. Taken-Inside the Alien-Human Abduction Agenda, 1994": 0.05580513924360275,
        "Clelland M. The Messengers-Owls, Synchronicity and the UFO Abductee,2015": 0.05539194121956825,
        "Hopkins B. Missing Time, 1981": 0.054785266518592834,
        "Alexander S, K. Crop Circles Signs, Wonders and Mysteries, 2009": 0.0536479651927948,
        "Hall R. The UFO Evidence, V2, A 30-year report, 2000": 0.041864063590765,
        "McDonald J. Science in default-22 years of inadiquate UFO investigations, 1969": 0.03279850259423256,
        "Hopkins B. Intruders, 1987": 0.03255156800150871,
        "Bergrun N. The Ringmakers of Saturn, 1986": 0.02225094847381115
    },
    "Summers M. Allies of Humanity, V1, 2001": {
        "Dolan R. UFOs for the 21st Century Mind,2014": 0.3618791401386261,
        "Jacobs D. The Threat, 1998": 0.2616994082927704,
        "Jacobs D. Walking Among Us, 2015": 0.25879359245300293,
        "<SOURCE>": 0.24548053741455078,
        "Marrs J. Alien Agenda, 1997": 0.24095343053340912,
        "COMETA report. UFOs and Defense-What Should We Prepare For, 1999": 0.2394489347934723,
        "Hynek A. The UFO Experience- A Scientific Inquiry, 1972": 0.23553146421909332,
        "Mack J. Abduction-Human Encounters with Aliens, 1994": 0.22667263448238373,
        "Swann I. Penetration, 1998": 0.21769382059574127,
        "Jacobs D. Secret Life, 1993": 0.21227841079235077,
        "Corso P. The Day After Roswell, 1997": 0.20150670409202576,
        "Friedman S. Flying Saucers and Science, 2008": 0.19648344814777374,
        "Hopkins B, Rainey C. Sight Unseen, 2003": 0.19067440927028656,
        "Good T. Earth-the aliens enterprise, 2013": 0.18776729702949524,
        "Crystall E. Silent Invasion, 1991": 0.17950691282749176,
        "Jacobs D. The UFO Controversy in America, 1976": 0.1767151951789856,
        "Dolan R. UFOs and the National Security State-V2, 2009": 0.16940870881080627,
        "Good T. Alien Contact, 1991": 0.1576119065284729,
        "SOURCE_MICRO": 0.15301318038254977,
        "Andrews C. Crop Circles-Signs of Contact, 2003": 0.15085850656032562,
        "Wood R. Alien Viruses, 2013": 0.14625217020511627,
        "Good T. Above Top Secret, 1988": 0.13366280496120453,
        "Dolan R. UFOs and the National Security State-V1, 2002": 0.13265271484851837,
        "Leir R.The Aliens and the Scalpel, 2005": 0.1323595494031906,
        "Good T. Beyond Top Secret, 1996": 0.121658094227314,
        "Hopkins B. Missing Time, 1981": 0.11713551729917526,
        "Good T. Alien Base, 1999": 0.11698414385318756,
        "Clelland M. The Messengers-Owls, Synchronicity and the UFO Abductee,2015": 0.11670824885368347,
        "Howe L. An Alien Harvest, 2014": 0.11053966730833054,
        "Good T. Unearthly Disclosure, 2000": 0.11022689938545227,
        "Marler D. Triangular UFOs, 2013": 0.10977062582969666,
        "Good T. Need to know, 2007": 0.10457082837820053,
        "Alexander S, K. Crop Circles Signs, Wonders and Mysteries, 2009": 0.10163413733243942,
        "Hill P. Unconventional Flying Objects, 1995": 0.10145411640405655,
        "Ruppelt E. The report on unidentified flying objects, 1956": 0.09923136234283447,
        "Catoe L. UFOs and Related Subjects,1969": 0.09890258312225342,
        "Sauder R. Underground Bases And Tunnels, 2014": 0.09666462987661362,
        "Turner K. Taken-Inside the Alien-Human Abduction Agenda, 1994": 0.09055937826633453,
        "Hopkins B. Intruders, 1987": 0.07201501727104187,
        "Hall R. The UFO Evidence, V2, A 30-year report, 2000": 0.05986115336418152,
        "McDonald J. Science in default-22 years of inadiquate UFO investigations, 1969": 0.0429784394800663,
        "Bergrun N. The Ringmakers of Saturn, 1986": 0.03922120854258537
    },
    "Summers M. Allies of Humanity, V2, 2005": {
        "Dolan R. UFOs for the 21st Century Mind,2014": 0.3683658540248871,
        "Jacobs D. The Threat, 1998": 0.30594345927238464,
        "Jacobs D. Walking Among Us, 2015": 0.3034246265888214,
        "<SOURCE>": 0.2710416316986084,
        "Marrs J. Alien Agenda, 1997": 0.2649753987789154,
        "Jacobs D. Secret Life, 1993": 0.2580724358558655,
        "COMETA report. UFOs and Defense-What Should We Prepare For, 1999": 0.2495010644197464,
        "Hynek A. The UFO Experience- A Scientific Inquiry, 1972": 0.24389320611953735,
        "Mack J. Abduction-Human Encounters with Aliens, 1994": 0.23935596644878387,
        "Swann I. Penetration, 1998": 0.2361430674791336,
        "Corso P. The Day After Roswell, 1997": 0.22451581060886383,
        "Hopkins B, Rainey C. Sight Unseen, 2003": 0.21524880826473236,
        "Friedman S. Flying Saucers and Science, 2008": 0.21323513984680176,
        "Crystall E. Silent Invasion, 1991": 0.21005599200725555,
        "Good T. Earth-the aliens enterprise, 2013": 0.20693646371364594,
        "Dolan R. UFOs and the National Security State-V2, 2009": 0.1810196340084076,
        "Jacobs D. The UFO Controversy in America, 1976": 0.18073654174804688,
        "Good T. Alien Contact, 1991": 0.17350511252880096,
        "SOURCE_MICRO": 0.1690380278043449,
        "Andrews C. Crop Circles-Signs of Contact, 2003": 0.1594739705324173,
        "Leir R.The Aliens and the Scalpel, 2005": 0.1534910798072815,
        "Hopkins B. Missing Time, 1981": 0.15299780666828156,
        "Wood R. Alien Viruses, 2013": 0.1528889536857605,
        "Good T. Above Top Secret, 1988": 0.14495714008808136,
        "Dolan R. UFOs and the National Security State-V1, 2002": 0.14426535367965698,